id,neighbourhood,room_type,price,minimum_nights,availability_365
1709431704532636130,la Dreta de l'Eixample,Entire home/apt,165.0,31.0,81
1358731072078192088,"Sant Pere, Santa Caterina i la Ribera",Entire home/apt,280.0,1.0,53
51590412,la Dreta de l'Eixample,Entire home/apt,285.0,1.0,343
23572241,Vallcarca i els Penitents,Private room,75.0,32.0,269
1060745039438068628,"Sant Pere, Santa Caterina i la Ribera",Entire home/apt,74.0,31.0,270
33482801,el Poblenou,Entire home/apt,131.0,27.0,88
44315000,la Dreta de l'Eixample,Entire home/apt,181.0,31.0,272
1120962733649439908,la Dreta de l'Eixample,Entire home/apt,208.0,1.0,341
1069780513292619496,el Camp d'en Grassot i Gràcia Nova,Private room,114.0,10.0,84
32030157,la Nova Esquerra de l'Eixample,Entire home/apt,257.0,1.0,125
5399718,Hostafrancs,Entire home/apt,184.0,3.0,163
1121948024780676791,la Trinitat Vella,Private room,22.0,31.0,228
31487338,el Putxet i el Farró,Private room,39.0,32.0,364
52256488,la Vila de Gràcia,Private room,31.0,32.0,236
1076980882364015689,la Dreta de l'Eixample,Entire home/apt,593.0,2.0,128
1331968663879866746,la Barceloneta,Private room,194.0,1.0,21
34729414,la Dreta de l'Eixample,Entire home/apt,311.0,1.0,133
18420426,el Fort Pienc,Entire home/apt,318.0,1.0,314
2992138,el Poble Sec,Entire home/apt,234.0,2.0,231
1224601898219525504,la Sagrada Família,Entire home/apt,158.0,32.0,359
1052240263726352514,el Poble Sec,Entire home/apt,214.0,2.0,364
1445566707057719417,el Fort Pienc,Entire home/apt,117.0,32.0,330
862747805882838819,Hostafrancs,Entire home/apt,168.0,28.0,320
1229525461082470897,la Barceloneta,Entire home/apt,413.0,31.0,49
624457760841318217,"Sant Pere, Santa Caterina i la Ribera",Entire home/apt,112.0,31.0,109
1044047228278493890,el Poblenou,Entire home/apt,148.0,1.0,270
1353511761201641339,el Poblenou,Entire home/apt,145.0,32.0,355
5176876,la Salut,Entire home/apt,234.0,1.0,263
1706402024655013899,Sant Antoni,Private room,66.0,3.0,95
21307242,"Sant Pere, Santa Caterina i la Ribera",Entire home/apt,263.0,1.0,361
1169191,la Sagrada Família,Entire home/apt,742.0,1.0,224
1508887993154841139,Vallcarca i els Penitents,Entire home/apt,100.0,6.0,133
29115399,"Sant Pere, Santa Caterina i la Ribera",Hotel room,490.0,1.0,271
16388020,la Vila de Gràcia,Entire home/apt,102.0,32.0,240
2077178,el Poblenou,Entire home/apt,228.0,1.0,252
2186401,el Camp d'en Grassot i Gràcia Nova,Entire home/apt,263.0,1.0,113
633353759986464326,la Nova Esquerra de l'Eixample,Entire home/apt,83.0,31.0,203
1270206282694638377,la Barceloneta,Entire home/apt,92.0,32.0,54
10805338,la Sagrada Família,Entire home/apt,576.0,3.0,191
1086031165340070162,l'Antiga Esquerra de l'Eixample,Entire home/apt,449.0,1.0,183
23931498,Sant Gervasi - Galvany,Entire home/apt,259.0,1.0,305
1602670845841641921,l'Antiga Esquerra de l'Eixample,Entire home/apt,143.0,31.0,346
52563245,la Nova Esquerra de l'Eixample,Private room,38.0,32.0,328
904862039328156130,el Fort Pienc,Entire home/apt,68.0,31.0,92
1508165057867503518,el Putxet i el Farró,Entire home/apt,146.0,25.0,338
878813716760200926,el Barri Gòtic,Entire home/apt,606.0,1.0,304
1468185373402469674,la Dreta de l'Eixample,Entire home/apt,220.0,3.0,23
929812369748849366,Porta,Entire home/apt,251.0,3.0,348
1384272712878814400,la Vila Olímpica del Poblenou,Entire home/apt,95.0,32.0,328
660572115194124468,la Vila de Gràcia,Private room,63.0,31.0,67
38309081,la Dreta de l'Eixample,Entire home/apt,371.0,1.0,85
1171833289151130879,el Barri Gòtic,Entire home/apt,107.0,32.0,277
44697709,Sant Gervasi - Galvany,Entire home/apt,307.0,1.0,338
50281652,la Vila de Gràcia,Entire home/apt,215.0,1.0,169
1650795602966866642,el Clot,Entire home/apt,111.0,7.0,8
9250135,el Parc i la Llacuna del Poblenou,Private room,38.0,32.0,365
850440107756355032,la Vila de Gràcia,Private room,208.0,1.0,63
1234559107437816415,Hostafrancs,Entire home/apt,76.0,31.0,217
45132322,Sants,Private room,191.0,1.0,181
42909365,Sant Antoni,Entire home/apt,336.0,2.0,262
38082752,Sants,Entire home/apt,310.0,3.0,286
393717,el Raval,Entire home/apt,186.0,2.0,229
9937100,el Barri Gòtic,Entire home/apt,69.0,31.0,231
1491139086771923143,la Bordeta,Entire home/apt,276.0,1.0,180
7034555,"Sant Pere, Santa Caterina i la Ribera",Private room,61.0,31.0,179
52257718,la Vila de Gràcia,Private room,38.0,32.0,296
1476555180890022314,la Sagrada Família,Entire home/apt,141.0,30.0,364
1696254685023580225,"Sant Pere, Santa Caterina i la Ribera",Entire home/apt,41.0,32.0,194
1445091658138580735,Vilapicina i la Torre Llobeta,Entire home/apt,107.0,25.0,365
1659327095892733360,el Barri Gòtic,Entire home/apt,381.0,2.0,284
4274290,Navas,Entire home/apt,264.0,2.0,125
1412183069362512996,Sant Antoni,Entire home/apt,293.0,1.0,325
945501913718978288,l'Antiga Esquerra de l'Eixample,Entire home/apt,179.0,1.0,332
35600390,el Poble Sec,Entire home/apt,67.0,32.0,268
44989496,Sants,Entire home/apt,60.0,32.0,330
51569288,la Dreta de l'Eixample,Entire home/apt,1040.0,4.0,291
24589494,la Dreta de l'Eixample,Private room,203.0,1.0,339
1158532332403322870,"Sant Pere, Santa Caterina i la Ribera",Entire home/apt,145.0,31.0,92
40415475,el Camp de l'Arpa del Clot,Entire home/apt,277.0,2.0,185
41015150,la Dreta de l'Eixample,Entire home/apt,290.0,1.0,273
928732245514416152,Sants,Private room,25.0,32.0,251
34561786,el Barri Gòtic,Entire home/apt,2774.0,2.0,365
891046061627946435,"Sant Pere, Santa Caterina i la Ribera",Private room,46.0,32.0,298
1231243122367403420,el Poble Sec,Entire home/apt,95.0,31.0,149
4691491,el Poble Sec,Private room,150.0,1.0,339
910074657013280457,el Raval,Private room,52.0,32.0,151
1513488773006766099,Sant Martí de Provençals,Private room,32.0,31.0,332
1439793642784633552,Vilapicina i la Torre Llobeta,Entire home/apt,107.0,25.0,365
22236190,la Sagrada Família,Entire home/apt,50.0,31.0,278
1339590247009339598,el Fort Pienc,Entire home/apt,834.0,1.0,194
1460934672636904607,la Dreta de l'Eixample,Entire home/apt,200.0,1.0,232
32704893,"Sant Pere, Santa Caterina i la Ribera",Entire home/apt,205.0,1.0,197
19432305,el Raval,Entire home/apt,51.0,35.0,335
633826122213818574,Sant Antoni,Entire home/apt,253.0,2.0,194
831589900791249424,la Dreta de l'Eixample,Entire home/apt,312.0,2.0,241
1616148840238354399,Sant Antoni,Entire home/apt,351.0,3.0,132
1681898024694154440,Hostafrancs,Private room,60.0,1.0,14
1653577778060536600,la Dreta de l'Eixample,Entire home/apt,377.0,2.0,347
1104129919140530176,la Barceloneta,Entire home/apt,90.0,32.0,333
1157514816865924675,la Dreta de l'Eixample,Entire home/apt,292.0,1.0,335
