city_name,year,total_households,avg_rent
Parla,2017,42006,442.00
Ciudad Real,2023,30413,436.00
Sant Boi de Llobregat,2014,31182,509.00
Parla,2021,43019,543.00
Toledo,2012,31115,488.00
Reus,2012,39022,415.00
Vícar,2023,9266,386.00
Valdemoro,2024,28148,
Alcoy,2016,24516,277.00
Granollers,2020,22943,605.00
Ibiza,2024,18549,
Valladolid,2020,126743,464.00
Girona,2017,37203,501.00
Granada,2014,98119,428.00
Sanlúcar de Barrameda,2015,24686,351.00
Vitoria-Gasteiz,2014,102274,
Granollers,2015,22716,473.00
Talavera de la Reina,2014,31018,320.00
Ciudad Real,2010,28796,
Santa Lucía de Tirajana,2015,23969,348.00
"Rozas de Madrid, Las",2021,30536,830.00
Logroño,2010,59112,
Granollers,2021,23070,622.00
Mérida,2020,22988,355.00
Pamplona,2023,82654,
Irun,2015,24112,
Cartagena,2020,75514,423.00
Valencia,2010,310798,
Vilanova i la Geltrú,2013,25160,499.00
Alcalá de Guadaíra,2019,26471,412.00
Terrassa,2018,81232,505.00
Santa Cruz de Tenerife,2024,81308,
Palma de Mallorca,2016,148074,544.00
Burgos,2022,73240,496.00
Ciudad Real,2013,28400,370.00
Valencia,2012,311871,451.00
Vilanova i la Geltrú,2017,25081,516.00
Cáceres,2017,38030,375.00
Algeciras,2022,44832,485.00
Santa Cruz de Tenerife,2022,80901,577.00
Pontevedra,2019,33651,439.00
Córdoba,2019,121028,504.00
Huelva,2021,55251,471.00
Lugo,2012,38557,320.00
San Fernando,2022,34913,470.00
Santiago de Compostela,2023,41015,498.00
Talavera de la Reina,2022,31585,390.00
Avilés,2018,34260,373.00
Alcalá de Henares,2010,66310,
Almería,2021,74812,486.00
Fuenlabrada,2020,65392,586.00
Telde,2022,38697,505.00
Algeciras,2017,43488,401.00
Palencia,2013,32880,337.00
Alcalá de Henares,2011,66664,576.00
Ferrol,2018,29704,297.00
Dos Hermanas,2011,42295,447.00
"Prat de Llobregat, El",2016,23747,555.00
Mataró,2020,47150,597.00
Avilés,2023,33870,426.00
Cadiz,2021,45872,626.00
Gijón,2015,119321,406.00
Parla,2011,40036,528.00
Seville,2014,262108,524.00
Sant Boi de Llobregat,2010,29764,
Dos Hermanas,2021,47216,494.00
Girona,2022,38585,639.00
Dos Hermanas,2015,44568,389.00
Fuengirola,2012,28779,478.00
Ferrol,2016,30156,285.00
Córdoba,2012,118575,467.00
Cáceres,2020,38918,418.00
"Palmas de Gran Canaria, Las",2011,138703,448.00
San Sebastián,2022,79056,
Lorca,2024,32011,
Elche,2020,85647,404.00
Alcalá de Henares,2013,67958,510.00
Rivas-Vaciamadrid,2011,,667.00
Valladolid,2014,124788,403.00
Premià de Mar,2014,,531.00
Gijón,2011,115737,423.00
Elda,2016,20526,277.00
Pinto,2014,,477.00
Ciudad Real,2024,30914,
Burgos,2015,70584,410.00
Lorca,2023,31632,442.00
Sanlúcar de Barrameda,2022,25667,467.00
Ponferrada,2018,27503,311.00
Fuenlabrada,2021,65421,599.00
Vilanova i la Geltrú,2020,25765,615.00
Avilés,2012,34627,379.00
Jerez de la Frontera,2015,78470,371.00
Algeciras,2011,44511,421.00
Palma de Mallorca,2017,145513,577.00
Algeciras,2021,44592,469.00
Oviedo,2015,93415,397.00
Reus,2022,40617,484.00
Madrid,2013,1239702,695.00
Torrejón de Ardoz,2016,44428,502.00
Sanlúcar de Barrameda,2012,24208,392.00
